Date,Item,Amount,Type,Week,Month,Day
2026-03-13,bokku bread,1300.0,Expense,2026-03-09/2026-03-15,2026-03,Friday
2026-03-13,airpod,5000.0,Expense,2026-03-09/2026-03-15,2026-03,Friday
2026-02-27,giveaway,10000.0,Expense,,,
2026-02-27,scholarship,70000.0,Income,2026-02-23/2026-03-01,2026-02,Friday
2026-02-27,allowance,30000.0,Income,2026-02-23/2026-03-01,2026-02,Friday
2026-02-27,Text books,12000.0,Expense,,,
2026-02-27,sweets,3000.0,Expense,,,
2026-02-27,wardrobe,76000.0,Expense,2026-02-23/2026-03-01,2026-02,Friday
2026-02-27,hackaton prize,300000.0,Income,2026-02-23/2026-03-01,2026-02,Friday
2026-02-27,earpiece,27000.0,Expense,2026-02-23/2026-03-01,2026-02,Friday
2026-02-17,socks,800.0,Expense,2026-02-16/2026-02-22,2026-02,Tuesday
2026-02-17,drinks,800.0,Expense,2026-02-16/2026-02-22,2026-02,Tuesday
2026-02-17,foodstuffs,1100.0,Expense,2026-02-16/2026-02-22,2026-02,Tuesday
2026-02-16,book,4300.0,Expense,2026-02-16/2026-02-22,2026-02,Monday
2026-02-16,allowance,20000.0,Income,2026-02-16/2026-02-22,2026-02,Monday
2026-02-16,data,700.0,Expense,2026-02-16/2026-02-22,2026-02,Monday
2026-02-16,outing,7000.0,Expense,2026-02-16/2026-02-22,2026-02,Monday
2026-02-14,starting balance,17600.0,Initial balance,2026-02-09/2026-02-15,2026-02,Saturday
2026-02-14,food,3000.0,Expense,2026-02-09/2026-02-15,2026-02,Saturday
2026-02-14,data,1500.0,Expense,2026-02-09/2026-02-15,2026-02,Saturday
2026-01-16,scholarship,50000.0,Income,2026-01-12/2026-01-18,2026-01,Friday
2026-01-16,concert_ticket,12000.0,Expense,2026-01-12/2026-01-18,2026-01,Friday
2026-02-27,valentine gift,23000.0,Expense,,,
